<?xml version="1.0" encoding="UTF-8"?>
<manifest>
	<wrapper activity="r-wrapper.jar" name="RRUNNER" type="SYSTEM" hash="RWRAPPER" target="ANY" version="1.0" />
	<wrapper activity="graphviz.jar" name="GRAPHVIZ" type="MAP" hash="34" target="ANY" version="1.0" />
	<wrapper activity="evaluate.jar" name="EVALUATE" type="REDUCE" hash="6506134a56" target="ANY" version="1.0" />
	<wrapper activity="spectral.config" name="GEN_GRAPH_LIB" type="LIBRARY" hash="34" target="ANY" version="1.0" />
	<wrapper activity="wkfl_on_pca_sag.R" name="GALAXY" type="RSCRIPT" hash="34" target="ANY" version="1.0" />
	<wrapper activity="showg.jar" name="SHOWG" type="MAP" hash="34" target="ANY" version="1.0" />
	<wrapper activity="teigsolve.jar" name="TEIGSOLVE" type="MAP" hash="34" target="ANY" version="1.0" />
	<wrapper activity="benchmark.jar" name="ECHO_EXCT" type="MAP" hash="0b5ab3d609" target="ANY" version="1.0" />
	<wrapper activity="helloworld.py" name="PythonTest" type="PYTHON" hash="17a5802c07" target="ANY" version="1.0" />
	<wrapper activity="classifica.R" name="Classifica_Lib" type="LIBRARY" hash="34" target="ANY" version="1.0" />
	<wrapper activity="pdfcreator.jar" name="PDFCREATOR" type="REDUCE" hash="34" target="ANY" version="1.0" />
	<wrapper activity="data_wkfl_input.csv" name="AHAHAHAHA" type="MAP" hash="34" target="ANY" version="1.0" />
	<wrapper activity="splitmatrix.jar" name="SPLTMATRIX" type="SPLIT_MAP" hash="34" target="ANY" version="1.0" />
	<wrapper activity="gengraph.jar" name="GENGRAPHP" type="MAP" hash="34" target="ANY" version="1.0" />
	<wrapper activity="bashList.sh" name="BashTest" type="BASH" hash="cbb934f5c1" target="ANY" version="1.0" />
	<wrapper activity="txt2dot.jar" name="TXT2DOT" type="MAP" hash="34" target="ANY" version="1.0" />
</manifest>

